rep,gene,case_fun,case_syn,control_fun,control_syn
1,ADGRE2,19,16,165,68
1,ADGRE3,42,9,106,53
1,ADGRE5,23,17,150,129
1,CLEC17A,11,6,112,46
1,DDX39A,3,1,57,38
1,DNAJB1,5,10,48,41
1,GIPC1,11,2,79,33
1,NDUFB7,3,5,22,33
1,PKN1,18,12,166,113
1,PTGER1,11,0,68,21
1,TECR,15,7,71,33
1,ZNF333,24,13,150,57
2,ADGRE2,16,19,138,93
2,ADGRE3,36,7,132,69
2,ADGRE5,40,15,149,89
2,CLEC17A,13,5,65,34
2,DDX39A,16,5,96,62
2,DNAJB1,13,10,69,57
2,GIPC1,10,8,71,26
2,NDUFB7,4,7,20,44
2,PKN1,17,15,162,76
2,PTGER1,5,4,46,9
2,TECR,16,10,31,58
2,ZNF333,27,10,131,56
3,ADGRE2,23,18,112,136
3,ADGRE3,32,11,116,55
3,ADGRE5,44,15,198,111
3,CLEC17A,9,9,97,56
3,DDX39A,20,7,130,42
3,DNAJB1,10,11,32,78
3,GIPC1,11,2,64,28
3,NDUFB7,9,1,35,10
3,PKN1,33,35,183,176
3,PTGER1,13,11,72,39
3,TECR,12,6,26,28
3,ZNF333,29,3,158,67
4,ADGRE2,13,16,127,112
4,ADGRE3,21,14,94,84
4,ADGRE5,37,14,164,127
4,CLEC17A,15,5,73,47
4,DDX39A,12,8,93,76
4,DNAJB1,6,7,36,37
4,GIPC1,2,5,51,27
4,NDUFB7,5,1,17,7
4,PKN1,30,10,221,92
4,PTGER1,14,7,65,73
4,TECR,12,2,47,44
4,ZNF333,17,12,175,60
5,ADGRE2,40,15,241,105
5,ADGRE3,23,14,119,83
5,ADGRE5,33,15,133,102
5,CLEC17A,10,4,54,12
5,DDX39A,13,13,90,64
5,DNAJB1,12,7,81,45
5,GIPC1,18,15,92,38
5,NDUFB7,7,2,44,21
5,PKN1,16,21,116,115
5,PTGER1,11,11,78,64
5,TECR,14,8,52,26
5,ZNF333,24,7,152,65
6,ADGRE2,19,16,136,109
6,ADGRE3,18,14,86,66
6,ADGRE5,41,11,149,81
6,CLEC17A,19,8,92,44
6,DDX39A,15,3,89,16
6,DNAJB1,17,7,95,37
6,GIPC1,4,6,67,42
6,NDUFB7,5,3,34,9
6,PKN1,32,13,231,100
6,PTGER1,10,1,65,42
6,TECR,11,2,91,22
6,ZNF333,29,9,166,76
7,ADGRE2,45,16,241,78
7,ADGRE3,23,3,113,33
7,ADGRE5,39,30,204,165
7,CLEC17A,15,4,102,33
7,DDX39A,16,7,55,55
7,DNAJB1,4,9,50,36
7,GIPC1,6,11,49,64
7,NDUFB7,2,1,18,6
7,PKN1,36,24,236,183
7,PTGER1,13,5,67,56
7,TECR,8,10,44,41
7,ZNF333,21,7,178,50
8,ADGRE2,22,8,149,70
8,ADGRE3,35,9,134,84
8,ADGRE5,34,13,112,85
8,CLEC17A,12,5,87,55
8,DDX39A,15,5,102,31
8,DNAJB1,9,2,52,34
8,GIPC1,10,16,80,60
8,NDUFB7,2,1,25,1
8,PKN1,29,16,209,136
8,PTGER1,15,13,92,44
8,TECR,13,3,32,43
8,ZNF333,14,12,117,86
9,ADGRE2,20,17,200,123
9,ADGRE3,35,12,103,90
9,ADGRE5,31,8,169,110
9,CLEC17A,6,2,54,27
9,DDX39A,9,9,90,56
9,DNAJB1,11,5,69,28
9,GIPC1,10,3,68,25
9,NDUFB7,3,1,15,10
9,PKN1,24,22,179,170
9,PTGER1,6,9,34,48
9,TECR,12,2,75,19
9,ZNF333,21,11,143,53
10,ADGRE2,25,18,165,112
10,ADGRE3,30,11,97,69
10,ADGRE5,50,9,156,89
10,CLEC17A,13,5,77,37
10,DDX39A,18,7,106,50
10,DNAJB1,10,5,55,43
10,GIPC1,19,10,86,78
10,NDUFB7,6,1,56,3
10,PKN1,29,14,185,127
10,PTGER1,11,7,99,40
10,TECR,11,7,62,34
10,ZNF333,30,8,164,92
11,ADGRE2,22,12,166,102
11,ADGRE3,26,14,82,78
11,ADGRE5,59,19,206,103
11,CLEC17A,6,6,78,31
11,DDX39A,15,8,85,38
11,DNAJB1,6,3,71,19
11,GIPC1,9,3,52,25
11,NDUFB7,5,0,25,2
11,PKN1,23,18,181,113
11,PTGER1,11,8,78,27
11,TECR,4,18,39,83
11,ZNF333,29,15,181,95
12,ADGRE2,25,8,180,100
12,ADGRE3,43,15,172,89
12,ADGRE5,39,15,136,114
12,CLEC17A,8,6,75,36
12,DDX39A,7,6,50,18
12,DNAJB1,10,6,72,52
12,GIPC1,10,12,73,65
12,NDUFB7,3,1,32,18
12,PKN1,31,18,172,137
12,PTGER1,12,9,71,79
12,TECR,15,1,68,24
12,ZNF333,18,10,160,64
13,ADGRE2,21,9,135,80
13,ADGRE3,39,7,202,72
13,ADGRE5,29,17,166,85
13,CLEC17A,9,5,77,41
13,DDX39A,14,7,66,52
13,DNAJB1,9,4,47,15
13,GIPC1,5,4,81,41
13,NDUFB7,5,2,21,22
13,PKN1,28,26,145,134
13,PTGER1,14,5,60,21
13,TECR,20,13,55,59
13,ZNF333,24,14,143,55
14,ADGRE2,18,8,94,82
14,ADGRE3,26,14,116,72
14,ADGRE5,58,10,168,59
14,CLEC17A,7,9,61,39
14,DDX39A,11,8,58,55
14,DNAJB1,5,10,60,54
14,GIPC1,15,5,44,22
14,NDUFB7,1,2,4,7
14,PKN1,19,20,148,93
14,PTGER1,11,14,55,86
14,TECR,24,6,93,25
14,ZNF333,22,8,157,34
15,ADGRE2,17,11,136,93
15,ADGRE3,33,5,113,64
15,ADGRE5,34,14,142,97
15,CLEC17A,8,9,76,64
15,DDX39A,12,6,78,40
15,DNAJB1,4,3,94,24
15,GIPC1,16,7,65,55
15,NDUFB7,5,2,16,7
15,PKN1,20,15,170,119
15,PTGER1,8,11,69,69
15,TECR,17,1,28,18
15,ZNF333,33,8,164,53
16,ADGRE2,34,18,190,128
16,ADGRE3,32,12,154,85
16,ADGRE5,33,15,158,83
16,CLEC17A,13,4,59,37
16,DDX39A,16,5,78,31
16,DNAJB1,10,3,60,26
16,GIPC1,7,3,68,45
16,NDUFB7,9,2,31,15
16,PKN1,21,9,158,80
16,PTGER1,11,7,76,52
16,TECR,13,2,78,16
16,ZNF333,28,4,154,36
17,ADGRE2,14,16,105,139
17,ADGRE3,49,8,112,45
17,ADGRE5,61,18,215,163
17,CLEC17A,19,11,88,32
17,DDX39A,20,6,86,47
17,DNAJB1,15,6,87,41
17,GIPC1,13,5,74,26
17,NDUFB7,3,7,18,36
17,PKN1,26,18,233,104
17,PTGER1,12,4,70,28
17,TECR,14,7,39,34
17,ZNF333,16,12,93,81
18,ADGRE2,16,14,137,105
18,ADGRE3,27,15,121,63
18,ADGRE5,31,18,133,94
18,CLEC17A,22,9,102,31
18,DDX39A,16,6,53,37
18,DNAJB1,9,5,48,31
18,GIPC1,8,4,70,8
18,NDUFB7,5,0,40,8
18,PKN1,22,25,185,126
18,PTGER1,4,14,28,76
18,TECR,23,8,90,42
18,ZNF333,31,19,149,121
19,ADGRE2,28,15,158,97
19,ADGRE3,29,23,116,129
19,ADGRE5,32,9,185,70
19,CLEC17A,9,2,63,34
19,DDX39A,17,7,75,51
19,DNAJB1,14,6,62,45
19,GIPC1,10,3,73,41
19,NDUFB7,5,1,14,13
19,PKN1,30,23,175,212
19,PTGER1,18,4,103,47
19,TECR,16,5,62,33
19,ZNF333,25,11,116,42
20,ADGRE2,28,15,103,97
20,ADGRE3,29,12,150,93
20,ADGRE5,40,27,169,119
20,CLEC17A,13,9,103,47
20,DDX39A,6,8,85,53
20,DNAJB1,5,1,56,22
20,GIPC1,13,6,62,40
20,NDUFB7,2,0,32,0
20,PKN1,23,23,171,115
20,PTGER1,4,12,46,60
20,TECR,11,4,64,38
20,ZNF333,33,8,197,65
21,ADGRE2,21,14,153,105
21,ADGRE3,21,15,107,71
21,ADGRE5,53,10,122,90
21,CLEC17A,11,6,73,32
21,DDX39A,13,9,48,66
21,DNAJB1,5,4,42,33
21,GIPC1,9,5,37,44
21,NDUFB7,2,7,15,41
21,PKN1,17,19,125,121
21,PTGER1,11,8,71,25
21,TECR,11,1,84,36
21,ZNF333,30,11,182,55
22,ADGRE2,29,10,161,73
22,ADGRE3,29,17,118,83
22,ADGRE5,41,12,169,90
22,CLEC17A,6,5,38,30
22,DDX39A,10,5,68,36
22,DNAJB1,12,7,67,56
22,GIPC1,6,17,49,66
22,NDUFB7,4,3,24,29
22,PKN1,29,13,164,94
22,PTGER1,10,6,64,60
22,TECR,17,10,43,53
22,ZNF333,26,12,147,91
23,ADGRE2,22,9,151,69
23,ADGRE3,41,8,170,64
23,ADGRE5,21,13,142,74
23,CLEC17A,3,5,44,39
23,DDX39A,14,7,94,34
23,DNAJB1,15,7,78,57
23,GIPC1,16,1,98,17
23,NDUFB7,0,4,12,27
23,PKN1,18,34,129,152
23,PTGER1,10,8,94,53
23,TECR,17,9,51,64
23,ZNF333,19,4,154,77
24,ADGRE2,24,8,172,60
24,ADGRE3,42,10,120,69
24,ADGRE5,23,12,110,84
24,CLEC17A,18,3,61,41
24,DDX39A,11,7,75,75
24,DNAJB1,6,3,54,23
24,GIPC1,17,5,101,45
24,NDUFB7,5,0,49,5
24,PKN1,39,17,240,112
24,PTGER1,9,6,80,44
24,TECR,14,9,65,66
24,ZNF333,27,15,161,64
25,ADGRE2,7,6,121,59
25,ADGRE3,30,14,86,76
25,ADGRE5,43,15,178,97
25,CLEC17A,3,4,62,39
25,DDX39A,9,12,105,61
25,DNAJB1,10,5,44,46
25,GIPC1,19,11,73,38
25,NDUFB7,12,5,45,24
25,PKN1,27,12,198,91
25,PTGER1,13,7,115,44
25,TECR,17,10,85,34
25,ZNF333,23,5,154,77
26,ADGRE2,24,12,158,71
26,ADGRE3,37,15,90,123
26,ADGRE5,39,15,130,77
26,CLEC17A,10,8,77,54
26,DDX39A,5,6,31,31
26,DNAJB1,10,7,98,31
26,GIPC1,13,9,88,45
26,NDUFB7,1,0,31,5
26,PKN1,26,14,189,146
26,PTGER1,8,6,83,60
26,TECR,12,7,61,58
26,ZNF333,27,5,202,46
27,ADGRE2,27,13,160,96
27,ADGRE3,27,15,114,54
27,ADGRE5,48,13,211,102
27,CLEC17A,12,9,43,56
27,DDX39A,11,4,69,39
27,DNAJB1,12,7,61,21
27,GIPC1,15,5,104,30
27,NDUFB7,7,3,33,5
27,PKN1,33,20,176,119
27,PTGER1,8,12,78,54
27,TECR,16,9,80,54
27,ZNF333,25,15,174,74
28,ADGRE2,23,16,141,111
28,ADGRE3,39,7,122,67
28,ADGRE5,45,15,120,142
28,CLEC17A,19,8,108,46
28,DDX39A,13,3,75,23
28,DNAJB1,9,7,43,58
28,GIPC1,6,9,32,52
28,NDUFB7,10,2,39,11
28,PKN1,28,20,227,117
28,PTGER1,14,9,69,78
28,TECR,10,0,58,27
28,ZNF333,30,14,161,101
29,ADGRE2,30,21,135,159
29,ADGRE3,35,12,182,65
29,ADGRE5,53,11,182,110
29,CLEC17A,11,6,62,58
29,DDX39A,20,4,74,28
29,DNAJB1,15,2,121,14
29,GIPC1,19,7,68,33
29,NDUFB7,9,4,42,17
29,PKN1,24,18,187,120
29,PTGER1,10,14,66,57
29,TECR,19,5,66,37
29,ZNF333,20,5,114,35
30,ADGRE2,26,18,165,79
30,ADGRE3,38,23,176,111
30,ADGRE5,36,11,190,80
30,CLEC17A,10,6,58,35
30,DDX39A,10,8,61,67
30,DNAJB1,13,12,86,53
30,GIPC1,5,0,53,9
30,NDUFB7,2,2,26,5
30,PKN1,21,5,195,69
30,PTGER1,8,9,76,45
30,TECR,10,4,62,55
30,ZNF333,25,8,173,60
31,ADGRE2,28,12,197,89
31,ADGRE3,40,11,166,97
31,ADGRE5,35,22,131,135
31,CLEC17A,13,3,102,13
31,DDX39A,5,9,57,62
31,DNAJB1,6,6,67,43
31,GIPC1,15,5,88,38
31,NDUFB7,5,3,32,4
31,PKN1,27,17,179,87
31,PTGER1,8,4,44,46
31,TECR,17,4,107,49
31,ZNF333,22,17,144,89
32,ADGRE2,22,17,166,117
32,ADGRE3,27,4,143,56
32,ADGRE5,34,19,146,128
32,CLEC17A,11,6,100,38
32,DDX39A,10,13,74,60
32,DNAJB1,5,4,72,26
32,GIPC1,16,6,101,37
32,NDUFB7,1,0,12,11
32,PKN1,24,19,165,202
32,PTGER1,8,4,66,16
32,TECR,14,2,51,17
32,ZNF333,18,11,123,72
33,ADGRE2,28,28,194,158
33,ADGRE3,36,10,192,98
33,ADGRE5,38,22,184,130
33,CLEC17A,8,6,64,23
33,DDX39A,15,8,87,51
33,DNAJB1,6,5,61,26
33,GIPC1,12,6,58,47
33,NDUFB7,1,5,10,16
33,PKN1,22,14,184,81
33,PTGER1,6,12,90,57
33,TECR,6,3,26,21
33,ZNF333,15,13,166,49
34,ADGRE2,30,13,177,113
34,ADGRE3,50,11,106,55
34,ADGRE5,54,9,202,81
34,CLEC17A,4,11,69,47
34,DDX39A,8,3,76,22
34,DNAJB1,3,6,85,35
34,GIPC1,13,10,40,71
34,NDUFB7,4,7,24,46
34,PKN1,35,14,202,81
34,PTGER1,9,9,57,47
34,TECR,5,7,49,51
34,ZNF333,18,10,123,55
35,ADGRE2,39,14,208,98
35,ADGRE3,46,8,196,77
35,ADGRE5,39,19,131,90
35,CLEC17A,11,8,80,46
35,DDX39A,17,3,70,37
35,DNAJB1,13,6,62,43
35,GIPC1,7,7,46,39
35,NDUFB7,5,0,28,9
35,PKN1,26,9,172,102
35,PTGER1,6,10,45,66
35,TECR,22,1,56,20
35,ZNF333,26,13,190,96
36,ADGRE2,34,12,225,79
36,ADGRE3,23,6,103,70
36,ADGRE5,35,28,165,178
36,CLEC17A,5,3,60,38
36,DDX39A,13,9,86,54
36,DNAJB1,10,4,41,28
36,GIPC1,11,6,88,31
36,NDUFB7,1,1,16,13
36,PKN1,14,26,119,140
36,PTGER1,9,15,63,93
36,TECR,10,6,28,30
36,ZNF333,21,10,141,83
37,ADGRE2,30,8,169,68
37,ADGRE3,34,10,110,72
37,ADGRE5,44,10,196,101
37,CLEC17A,15,11,79,50
37,DDX39A,14,12,114,80
37,DNAJB1,9,10,59,29
37,GIPC1,5,3,44,58
37,NDUFB7,7,1,35,13
37,PKN1,24,21,174,135
37,PTGER1,10,3,38,30
37,TECR,3,5,43,30
37,ZNF333,23,10,121,47
38,ADGRE2,32,16,204,70
38,ADGRE3,39,16,201,102
38,ADGRE5,40,6,196,63
38,CLEC17A,12,8,54,12
38,DDX39A,11,4,72,57
38,DNAJB1,7,15,52,95
38,GIPC1,8,2,37,31
38,NDUFB7,3,1,14,9
38,PKN1,23,10,163,62
38,PTGER1,9,8,76,77
38,TECR,16,1,37,30
38,ZNF333,25,5,177,28
39,ADGRE2,28,12,151,75
39,ADGRE3,37,14,161,119
39,ADGRE5,47,15,181,93
39,CLEC17A,11,1,65,32
39,DDX39A,9,7,57,41
39,DNAJB1,7,8,38,25
39,GIPC1,5,8,39,42
39,NDUFB7,10,0,26,26
39,PKN1,32,16,154,118
39,PTGER1,17,2,41,26
39,TECR,18,4,92,31
39,ZNF333,23,11,170,57
40,ADGRE2,26,10,195,91
40,ADGRE3,35,22,118,127
40,ADGRE5,26,23,152,145
40,CLEC17A,11,9,82,43
40,DDX39A,15,7,88,57
40,DNAJB1,8,11,34,53
40,GIPC1,13,5,45,24
40,NDUFB7,4,4,34,24
40,PKN1,34,12,195,88
40,PTGER1,3,15,52,96
40,TECR,23,4,49,28
40,ZNF333,18,11,149,66
41,ADGRE2,30,14,203,108
41,ADGRE3,28,6,170,45
41,ADGRE5,42,18,177,119
41,CLEC17A,9,2,63,27
41,DDX39A,8,13,56,73
41,DNAJB1,16,0,89,28
41,GIPC1,6,4,48,43
41,NDUFB7,2,3,8,26
41,PKN1,35,15,160,109
41,PTGER1,15,7,71,34
41,TECR,18,5,89,20
41,ZNF333,13,24,163,152
42,ADGRE2,26,9,165,90
42,ADGRE3,23,15,157,101
42,ADGRE5,29,16,148,126
42,CLEC17A,7,4,74,29
42,DDX39A,18,6,100,14
42,DNAJB1,7,10,67,55
42,GIPC1,4,7,45,48
42,NDUFB7,1,3,9,17
42,PKN1,16,11,143,78
42,PTGER1,10,17,70,98
42,TECR,12,3,47,24
42,ZNF333,26,7,161,49
43,ADGRE2,20,16,166,89
43,ADGRE3,37,6,112,62
43,ADGRE5,50,10,192,66
43,CLEC17A,15,5,59,54
43,DDX39A,9,1,74,29
43,DNAJB1,1,6,43,25
43,GIPC1,6,2,58,24
43,NDUFB7,3,5,11,20
43,PKN1,28,17,180,103
43,PTGER1,9,15,56,112
43,TECR,20,5,59,27
43,ZNF333,27,12,195,45
44,ADGRE2,13,23,114,120
44,ADGRE3,43,3,184,28
44,ADGRE5,36,9,147,81
44,CLEC17A,18,7,95,85
44,DDX39A,11,8,117,47
44,DNAJB1,13,5,89,61
44,GIPC1,9,6,68,42
44,NDUFB7,11,1,26,4
44,PKN1,21,11,146,90
44,PTGER1,6,8,51,75
44,TECR,19,2,106,22
44,ZNF333,21,5,132,74
45,ADGRE2,22,9,173,56
45,ADGRE3,27,20,142,98
45,ADGRE5,42,20,156,122
45,CLEC17A,12,4,70,27
45,DDX39A,11,7,72,24
45,DNAJB1,11,6,88,34
45,GIPC1,10,6,88,38
45,NDUFB7,2,2,19,29
45,PKN1,31,20,182,117
45,PTGER1,10,12,69,38
45,TECR,11,0,87,19
45,ZNF333,20,9,120,56
46,ADGRE2,30,5,202,53
46,ADGRE3,39,8,109,66
46,ADGRE5,42,20,105,120
46,CLEC17A,16,3,89,26
46,DDX39A,15,6,70,17
46,DNAJB1,8,1,83,31
46,GIPC1,5,10,69,56
46,NDUFB7,9,2,35,4
46,PKN1,13,13,153,92
46,PTGER1,14,8,81,26
46,TECR,20,7,73,36
46,ZNF333,30,22,164,105
47,ADGRE2,22,14,227,87
47,ADGRE3,14,19,66,123
47,ADGRE5,32,14,160,79
47,CLEC17A,11,6,110,21
47,DDX39A,13,7,108,52
47,DNAJB1,11,10,71,44
47,GIPC1,4,6,59,30
47,NDUFB7,3,0,29,14
47,PKN1,18,24,173,113
47,PTGER1,12,7,99,27
47,TECR,15,5,72,45
47,ZNF333,18,6,83,51
48,ADGRE2,24,10,172,105
48,ADGRE3,31,10,94,53
48,ADGRE5,56,11,189,94
48,CLEC17A,9,4,74,35
48,DDX39A,26,13,109,59
48,DNAJB1,7,5,48,30
48,GIPC1,7,7,46,64
48,NDUFB7,7,2,45,19
48,PKN1,14,16,164,119
48,PTGER1,12,13,77,46
48,TECR,9,13,64,85
48,ZNF333,47,7,236,58
49,ADGRE2,27,13,163,78
49,ADGRE3,45,16,127,104
49,ADGRE5,44,14,163,97
49,CLEC17A,21,6,102,66
49,DDX39A,17,2,102,46
49,DNAJB1,8,4,65,21
49,GIPC1,4,10,39,48
49,NDUFB7,0,2,15,15
49,PKN1,30,12,178,124
49,PTGER1,8,6,69,58
49,TECR,9,4,44,61
49,ZNF333,14,4,136,47
50,ADGRE2,20,9,173,70
50,ADGRE3,35,16,144,90
50,ADGRE5,42,16,160,93
50,CLEC17A,20,8,90,42
50,DDX39A,14,2,89,21
50,DNAJB1,12,8,47,49
50,GIPC1,10,11,50,40
50,NDUFB7,4,5,14,32
50,PKN1,27,17,183,120
50,PTGER1,13,7,107,51
50,TECR,10,3,35,36
50,ZNF333,30,7,166,69
51,ADGRE2,28,8,172,78
51,ADGRE3,23,24,93,88
51,ADGRE5,40,11,177,83
51,CLEC17A,6,4,79,73
51,DDX39A,13,5,78,34
51,DNAJB1,11,7,71,44
51,GIPC1,16,2,35,31
51,NDUFB7,4,0,50,3
51,PKN1,36,29,190,117
51,PTGER1,10,16,86,73
51,TECR,10,6,67,24
51,ZNF333,28,4,145,37
52,ADGRE2,23,13,137,100
52,ADGRE3,45,10,142,72
52,ADGRE5,37,19,136,82
52,CLEC17A,12,2,71,36
52,DDX39A,9,12,87,74
52,DNAJB1,12,9,45,35
52,GIPC1,9,10,62,37
52,NDUFB7,5,0,24,4
52,PKN1,21,14,180,120
52,PTGER1,11,7,66,40
52,TECR,10,12,45,55
52,ZNF333,15,2,127,37
53,ADGRE2,20,26,100,202
53,ADGRE3,23,7,92,61
53,ADGRE5,49,13,190,78
53,CLEC17A,7,10,58,67
53,DDX39A,20,4,105,44
53,DNAJB1,12,4,66,22
53,GIPC1,7,3,48,39
53,NDUFB7,2,1,15,6
53,PKN1,32,18,192,109
53,PTGER1,18,2,122,23
53,TECR,10,3,43,26
53,ZNF333,24,4,139,29
54,ADGRE2,20,14,139,110
54,ADGRE3,25,12,104,58
54,ADGRE5,38,6,174,64
54,CLEC17A,8,10,52,65
54,DDX39A,19,9,122,65
54,DNAJB1,7,6,43,42
54,GIPC1,8,7,52,35
54,NDUFB7,0,0,12,16
54,PKN1,37,12,284,90
54,PTGER1,9,9,50,52
54,TECR,19,5,85,35
54,ZNF333,33,3,191,51
55,ADGRE2,35,22,223,123
55,ADGRE3,25,10,92,66
55,ADGRE5,48,15,193,96
55,CLEC17A,10,0,56,17
55,DDX39A,19,10,98,40
55,DNAJB1,9,5,78,24
55,GIPC1,8,4,53,44
55,NDUFB7,5,5,34,13
55,PKN1,18,15,154,128
55,PTGER1,7,9,43,73
55,TECR,16,3,65,28
55,ZNF333,23,21,132,112
56,ADGRE2,32,27,148,153
56,ADGRE3,46,7,186,85
56,ADGRE5,49,12,142,58
56,CLEC17A,12,9,64,57
56,DDX39A,4,3,71,53
56,DNAJB1,3,3,62,28
56,GIPC1,15,7,78,33
56,NDUFB7,1,1,17,7
56,PKN1,15,12,152,90
56,PTGER1,12,16,47,84
56,TECR,23,9,67,61
56,ZNF333,25,9,165,60
57,ADGRE2,20,11,141,103
57,ADGRE3,63,11,160,97
57,ADGRE5,34,20,162,147
57,CLEC17A,15,9,64,36
57,DDX39A,24,10,129,40
57,DNAJB1,1,7,37,29
57,GIPC1,10,5,64,34
57,NDUFB7,3,2,11,25
57,PKN1,30,15,234,96
57,PTGER1,11,3,43,29
57,TECR,12,6,40,33
57,ZNF333,29,14,180,69
58,ADGRE2,15,19,97,113
58,ADGRE3,30,14,126,79
58,ADGRE5,26,11,108,82
58,CLEC17A,17,4,77,19
58,DDX39A,19,11,91,57
58,DNAJB1,5,6,53,50
58,GIPC1,14,5,101,27
58,NDUFB7,2,3,27,16
58,PKN1,26,21,191,155
58,PTGER1,10,9,72,54
58,TECR,23,2,53,27
58,ZNF333,31,9,186,53
59,ADGRE2,16,12,166,100
59,ADGRE3,38,13,98,78
59,ADGRE5,43,6,182,77
59,CLEC17A,11,5,93,59
59,DDX39A,18,12,91,79
59,DNAJB1,8,6,61,45
59,GIPC1,8,6,52,34
59,NDUFB7,8,3,53,12
59,PKN1,10,25,131,121
59,PTGER1,14,8,96,34
59,TECR,25,4,30,20
59,ZNF333,30,15,202,64
60,ADGRE2,27,19,172,113
60,ADGRE3,39,5,181,40
60,ADGRE5,35,20,137,142
60,CLEC17A,12,7,45,41
60,DDX39A,13,14,108,24
60,DNAJB1,12,8,59,46
60,GIPC1,3,3,49,29
60,NDUFB7,0,3,11,27
60,PKN1,32,20,176,145
60,PTGER1,9,7,71,50
60,TECR,14,5,44,39
60,ZNF333,36,18,186,72
61,ADGRE2,22,14,155,105
61,ADGRE3,32,12,127,78
61,ADGRE5,31,12,139,80
61,CLEC17A,11,10,63,69
61,DDX39A,14,0,61,23
61,DNAJB1,12,6,74,27
61,GIPC1,7,12,62,60
61,NDUFB7,9,3,62,12
61,PKN1,32,15,205,127
61,PTGER1,9,12,63,51
61,TECR,18,7,71,26
61,ZNF333,25,3,145,41
62,ADGRE2,28,14,181,86
62,ADGRE3,27,7,107,71
62,ADGRE5,41,10,192,94
62,CLEC17A,18,1,98,15
62,DDX39A,17,5,111,24
62,DNAJB1,14,9,89,25
62,GIPC1,8,4,45,46
62,NDUFB7,3,4,29,13
62,PKN1,30,20,246,143
62,PTGER1,3,11,52,66
62,TECR,11,3,62,23
62,ZNF333,15,11,157,75
63,ADGRE2,27,27,186,105
63,ADGRE3,27,9,107,82
63,ADGRE5,34,12,179,72
63,CLEC17A,8,3,67,19
63,DDX39A,8,4,68,48
63,DNAJB1,4,3,51,14
63,GIPC1,4,9,34,45
63,NDUFB7,1,1,24,7
63,PKN1,23,17,180,120
63,PTGER1,10,1,83,19
63,TECR,10,8,57,30
63,ZNF333,36,11,180,53
64,ADGRE2,30,38,143,179
64,ADGRE3,40,12,141,54
64,ADGRE5,36,8,195,67
64,CLEC17A,6,4,76,42
64,DDX39A,11,9,73,32
64,DNAJB1,4,4,44,39
64,GIPC1,9,0,61,18
64,NDUFB7,5,5,14,24
64,PKN1,32,29,170,115
64,PTGER1,4,10,69,54
64,TECR,12,7,87,44
64,ZNF333,27,11,140,38
65,ADGRE2,23,11,160,139
65,ADGRE3,45,14,166,122
65,ADGRE5,48,15,164,89
65,CLEC17A,11,2,48,19
65,DDX39A,13,3,89,36
65,DNAJB1,7,11,42,43
65,GIPC1,12,9,72,42
65,NDUFB7,3,5,34,39
65,PKN1,31,26,171,126
65,PTGER1,8,1,92,23
65,TECR,17,4,77,41
65,ZNF333,27,15,175,101
66,ADGRE2,22,13,113,78
66,ADGRE3,30,9,116,52
66,ADGRE5,53,27,169,143
66,CLEC17A,6,8,70,45
66,DDX39A,15,7,100,66
66,DNAJB1,13,4,78,46
66,GIPC1,9,13,71,78
66,NDUFB7,10,4,47,15
66,PKN1,30,21,166,117
66,PTGER1,17,9,76,72
66,TECR,11,2,42,50
66,ZNF333,13,10,148,66
67,ADGRE2,27,7,152,70
67,ADGRE3,28,13,108,65
67,ADGRE5,65,10,185,74
67,CLEC17A,10,3,74,5
67,DDX39A,9,12,88,52
67,DNAJB1,4,3,54,42
67,GIPC1,14,4,79,46
67,NDUFB7,5,6,21,34
67,PKN1,26,30,193,113
67,PTGER1,18,7,59,69
67,TECR,12,13,28,59
67,ZNF333,30,3,150,40
68,ADGRE2,29,21,177,121
68,ADGRE3,30,15,124,101
68,ADGRE5,37,9,143,85
68,CLEC17A,16,10,83,59
68,DDX39A,17,4,68,44
68,DNAJB1,6,3,57,19
68,GIPC1,7,1,51,9
68,NDUFB7,5,0,33,3
68,PKN1,34,17,218,125
68,PTGER1,6,3,60,28
68,TECR,8,10,58,58
68,ZNF333,13,12,131,52
69,ADGRE2,23,9,181,68
69,ADGRE3,43,12,131,123
69,ADGRE5,20,14,154,130
69,CLEC17A,11,11,65,60
69,DDX39A,6,6,57,50
69,DNAJB1,12,4,41,20
69,GIPC1,11,14,70,75
69,NDUFB7,1,2,18,10
69,PKN1,30,18,199,129
69,PTGER1,10,6,76,40
69,TECR,14,3,26,32
69,ZNF333,30,13,128,76
70,ADGRE2,28,14,170,92
70,ADGRE3,28,7,77,101
70,ADGRE5,48,19,136,123
70,CLEC17A,11,4,78,16
70,DDX39A,6,3,38,43
70,DNAJB1,13,8,79,23
70,GIPC1,2,8,58,32
70,NDUFB7,8,2,37,7
70,PKN1,22,16,144,118
70,PTGER1,8,8,76,44
70,TECR,23,7,89,54
70,ZNF333,30,5,179,60
71,ADGRE2,26,17,125,145
71,ADGRE3,38,10,148,49
71,ADGRE5,32,19,159,132
71,CLEC17A,10,12,91,66
71,DDX39A,13,11,84,34
71,DNAJB1,14,13,70,65
71,GIPC1,13,11,64,74
71,NDUFB7,2,3,7,24
71,PKN1,29,15,167,150
71,PTGER1,21,14,89,89
71,TECR,17,5,65,27
71,ZNF333,21,7,116,62
72,ADGRE2,27,25,157,111
72,ADGRE3,31,23,162,125
72,ADGRE5,51,7,234,92
72,CLEC17A,4,7,52,25
72,DDX39A,5,4,60,33
72,DNAJB1,7,4,34,24
72,GIPC1,6,4,93,33
72,NDUFB7,0,7,18,43
72,PKN1,34,12,185,88
72,PTGER1,15,6,91,44
72,TECR,29,5,97,19
72,ZNF333,29,7,198,64
73,ADGRE2,31,25,158,115
73,ADGRE3,40,14,134,111
73,ADGRE5,41,24,198,107
73,CLEC17A,15,3,75,46
73,DDX39A,5,4,82,56
73,DNAJB1,15,5,78,33
73,GIPC1,8,3,64,21
73,NDUFB7,3,1,24,15
73,PKN1,24,18,189,120
73,PTGER1,17,10,107,55
73,TECR,15,1,40,3
73,ZNF333,18,7,145,81
74,ADGRE2,27,22,134,89
74,ADGRE3,22,13,108,88
74,ADGRE5,40,17,184,130
74,CLEC17A,8,4,58,13
74,DDX39A,4,6,50,36
74,DNAJB1,11,13,61,66
74,GIPC1,10,4,62,41
74,NDUFB7,2,1,13,16
74,PKN1,18,17,156,100
74,PTGER1,5,5,53,44
74,TECR,14,3,50,19
74,ZNF333,26,10,135,73
75,ADGRE2,28,16,192,98
75,ADGRE3,31,14,112,94
75,ADGRE5,30,18,144,94
75,CLEC17A,16,3,64,38
75,DDX39A,18,4,140,49
75,DNAJB1,18,4,66,22
75,GIPC1,15,6,80,31
75,NDUFB7,6,4,5,20
75,PKN1,24,15,192,99
75,PTGER1,6,8,36,64
75,TECR,15,4,39,33
75,ZNF333,25,20,156,86
76,ADGRE2,33,23,212,154
76,ADGRE3,40,8,165,28
76,ADGRE5,28,4,106,39
76,CLEC17A,11,4,70,29
76,DDX39A,9,3,58,31
76,DNAJB1,9,5,38,17
76,GIPC1,12,7,86,42
76,NDUFB7,7,1,27,11
76,PKN1,32,18,170,121
76,PTGER1,9,11,85,41
76,TECR,11,3,60,32
76,ZNF333,21,3,190,19
77,ADGRE2,27,11,213,71
77,ADGRE3,38,6,135,58
77,ADGRE5,44,4,176,37
77,CLEC17A,11,8,93,53
77,DDX39A,11,14,64,66
77,DNAJB1,8,2,58,37
77,GIPC1,7,7,79,58
77,NDUFB7,3,2,24,20
77,PKN1,18,20,181,121
77,PTGER1,12,5,82,45
77,TECR,10,11,50,26
77,ZNF333,13,25,125,130
78,ADGRE2,14,19,104,78
78,ADGRE3,26,16,122,76
78,ADGRE5,53,20,211,116
78,CLEC17A,6,6,61,26
78,DDX39A,7,2,61,16
78,DNAJB1,8,2,66,27
78,GIPC1,8,12,60,74
78,NDUFB7,2,3,19,6
78,PKN1,39,9,213,55
78,PTGER1,9,7,74,50
78,TECR,12,10,50,41
78,ZNF333,31,6,165,42
79,ADGRE2,29,10,163,94
79,ADGRE3,32,6,88,70
79,ADGRE5,31,6,117,61
79,CLEC17A,13,8,67,46
79,DDX39A,7,7,50,28
79,DNAJB1,7,9,54,66
79,GIPC1,8,3,69,36
79,NDUFB7,1,1,11,7
79,PKN1,29,14,210,100
79,PTGER1,14,2,67,10
79,TECR,21,2,55,21
79,ZNF333,31,10,212,60
80,ADGRE2,27,16,151,102
80,ADGRE3,34,15,138,81
80,ADGRE5,39,12,191,87
80,CLEC17A,12,7,78,39
80,DDX39A,7,2,66,47
80,DNAJB1,13,2,49,52
80,GIPC1,6,7,45,55
80,NDUFB7,5,0,33,4
80,PKN1,26,20,196,121
80,PTGER1,8,3,60,40
80,TECR,17,21,35,65
80,ZNF333,26,17,177,94
81,ADGRE2,28,22,190,105
81,ADGRE3,36,17,147,63
81,ADGRE5,37,14,155,90
81,CLEC17A,12,1,48,22
81,DDX39A,14,7,93,35
81,DNAJB1,8,16,49,62
81,GIPC1,13,8,89,73
81,NDUFB7,7,0,26,9
81,PKN1,23,19,162,133
81,PTGER1,5,17,71,65
81,TECR,19,12,38,42
81,ZNF333,15,11,128,47
82,ADGRE2,18,20,130,135
82,ADGRE3,22,14,125,112
82,ADGRE5,40,11,210,109
82,CLEC17A,15,9,131,40
82,DDX39A,7,6,79,50
82,DNAJB1,10,9,75,32
82,GIPC1,13,8,48,40
82,NDUFB7,3,3,41,40
82,PKN1,36,21,170,150
82,PTGER1,5,8,34,51
82,TECR,37,3,105,20
82,ZNF333,24,10,167,45
83,ADGRE2,33,23,190,160
83,ADGRE3,53,6,163,29
83,ADGRE5,36,9,199,101
83,CLEC17A,13,4,80,39
83,DDX39A,9,3,35,52
83,DNAJB1,11,5,83,39
83,GIPC1,6,4,46,37
83,NDUFB7,4,1,53,8
83,PKN1,21,8,182,102
83,PTGER1,9,13,36,64
83,TECR,17,3,62,14
83,ZNF333,20,11,163,67
84,ADGRE2,39,18,270,146
84,ADGRE3,32,7,98,56
84,ADGRE5,54,10,108,91
84,CLEC17A,6,5,35,42
84,DDX39A,14,10,93,59
84,DNAJB1,5,2,62,17
84,GIPC1,11,11,96,35
84,NDUFB7,4,1,23,7
84,PKN1,12,18,135,120
84,PTGER1,6,7,46,43
84,TECR,18,1,48,22
84,ZNF333,26,1,167,67
85,ADGRE2,34,23,193,119
85,ADGRE3,29,13,120,83
85,ADGRE5,28,12,158,89
85,CLEC17A,6,1,56,14
85,DDX39A,10,17,94,79
85,DNAJB1,16,10,82,27
85,GIPC1,10,8,65,41
85,NDUFB7,13,4,40,29
85,PKN1,30,10,164,86
85,PTGER1,7,18,53,90
85,TECR,7,4,21,15
85,ZNF333,29,7,138,20
86,ADGRE2,21,10,187,89
86,ADGRE3,26,5,105,44
86,ADGRE5,42,15,174,78
86,CLEC17A,16,9,72,55
86,DDX39A,12,7,62,55
86,DNAJB1,5,13,62,50
86,GIPC1,13,4,87,37
86,NDUFB7,4,4,34,9
86,PKN1,21,24,173,166
86,PTGER1,10,6,81,59
86,TECR,18,6,59,34
86,ZNF333,29,11,204,56
87,ADGRE2,17,7,134,99
87,ADGRE3,53,7,151,38
87,ADGRE5,51,14,137,115
87,CLEC17A,12,7,80,52
87,DDX39A,8,8,61,80
87,DNAJB1,14,5,106,29
87,GIPC1,13,7,59,32
87,NDUFB7,4,4,33,16
87,PKN1,31,18,179,88
87,PTGER1,7,9,57,56
87,TECR,17,11,53,52
87,ZNF333,19,12,134,82
88,ADGRE2,16,16,181,103
88,ADGRE3,33,19,106,111
88,ADGRE5,41,18,176,151
88,CLEC17A,15,7,60,43
88,DDX39A,16,3,89,40
88,DNAJB1,18,6,85,51
88,GIPC1,15,20,76,92
88,NDUFB7,5,1,32,14
88,PKN1,12,23,114,139
88,PTGER1,13,9,57,48
88,TECR,17,3,74,40
88,ZNF333,28,5,184,37
89,ADGRE2,26,15,191,128
89,ADGRE3,44,8,120,45
89,ADGRE5,40,22,162,109
89,CLEC17A,12,7,89,54
89,DDX39A,10,9,79,47
89,DNAJB1,4,2,38,16
89,GIPC1,7,8,49,38
89,NDUFB7,7,0,46,5
89,PKN1,12,2,115,66
89,PTGER1,13,1,64,31
89,TECR,6,3,53,36
89,ZNF333,24,11,153,63
90,ADGRE2,18,19,147,111
90,ADGRE3,36,12,127,86
90,ADGRE5,33,6,132,56
90,CLEC17A,13,7,117,54
90,DDX39A,12,5,91,26
90,DNAJB1,8,5,56,20
90,GIPC1,8,5,39,36
90,NDUFB7,5,7,28,37
90,PKN1,28,24,178,158
90,PTGER1,6,2,55,28
90,TECR,12,6,59,30
90,ZNF333,20,6,181,27
91,ADGRE2,28,16,191,96
91,ADGRE3,49,14,111,82
91,ADGRE5,36,25,126,106
91,CLEC17A,8,10,101,59
91,DDX39A,8,5,68,35
91,DNAJB1,5,16,39,71
91,GIPC1,10,5,57,44
91,NDUFB7,2,3,23,19
91,PKN1,33,8,192,100
91,PTGER1,4,14,36,84
91,TECR,9,9,50,40
91,ZNF333,25,12,161,65
92,ADGRE2,27,25,172,139
92,ADGRE3,34,11,78,67
92,ADGRE5,38,25,179,135
92,CLEC17A,11,6,58,47
92,DDX39A,11,12,77,53
92,DNAJB1,10,1,72,7
92,GIPC1,6,7,80,46
92,NDUFB7,3,3,36,21
92,PKN1,21,22,164,137
92,PTGER1,19,4,78,42
92,TECR,10,3,32,22
92,ZNF333,23,8,165,64
93,ADGRE2,19,12,145,82
93,ADGRE3,29,5,146,64
93,ADGRE5,47,10,158,103
93,CLEC17A,8,13,101,42
93,DDX39A,5,4,83,52
93,DNAJB1,5,11,54,57
93,GIPC1,9,8,49,30
93,NDUFB7,2,2,20,8
93,PKN1,31,19,195,122
93,PTGER1,13,8,103,44
93,TECR,9,8,52,41
93,ZNF333,20,5,156,39
94,ADGRE2,20,14,142,76
94,ADGRE3,23,5,124,74
94,ADGRE5,38,7,137,93
94,CLEC17A,8,10,50,55
94,DDX39A,9,12,63,58
94,DNAJB1,6,4,50,59
94,GIPC1,13,9,54,63
94,NDUFB7,5,8,58,21
94,PKN1,32,14,189,76
94,PTGER1,13,15,81,70
94,TECR,16,3,54,20
94,ZNF333,31,11,182,58
95,ADGRE2,10,11,113,114
95,ADGRE3,27,9,110,62
95,ADGRE5,38,17,152,78
95,CLEC17A,16,4,99,20
95,DDX39A,11,10,95,32
95,DNAJB1,7,3,62,56
95,GIPC1,21,9,104,51
95,NDUFB7,5,2,20,33
95,PKN1,32,14,179,131
95,PTGER1,7,11,49,46
95,TECR,7,5,58,19
95,ZNF333,16,5,164,50
96,ADGRE2,21,17,122,143
96,ADGRE3,36,10,136,82
96,ADGRE5,38,15,175,85
96,CLEC17A,17,7,93,50
96,DDX39A,19,8,122,78
96,DNAJB1,10,8,55,49
96,GIPC1,9,10,81,35
96,NDUFB7,1,0,31,13
96,PKN1,16,9,144,72
96,PTGER1,18,3,78,21
96,TECR,17,2,74,28
96,ZNF333,27,22,165,65
97,ADGRE2,21,9,130,66
97,ADGRE3,34,9,143,52
97,ADGRE5,38,11,137,64
97,CLEC17A,10,10,64,66
97,DDX39A,11,7,83,76
97,DNAJB1,8,15,65,53
97,GIPC1,11,5,75,20
97,NDUFB7,5,5,35,10
97,PKN1,27,18,188,83
97,PTGER1,8,6,52,76
97,TECR,7,4,56,36
97,ZNF333,19,11,128,68
98,ADGRE2,25,14,185,107
98,ADGRE3,20,5,88,43
98,ADGRE5,22,27,166,143
98,CLEC17A,13,4,87,45
98,DDX39A,13,6,61,22
98,DNAJB1,5,2,49,20
98,GIPC1,10,15,52,83
98,NDUFB7,2,0,19,1
98,PKN1,42,27,195,189
98,PTGER1,12,9,42,46
98,TECR,7,2,71,21
98,ZNF333,14,4,152,39
99,ADGRE2,29,25,222,175
99,ADGRE3,21,20,107,66
99,ADGRE5,30,6,170,62
99,CLEC17A,11,13,71,44
99,DDX39A,16,4,114,41
99,DNAJB1,9,7,61,31
99,GIPC1,10,5,67,42
99,NDUFB7,5,5,23,22
99,PKN1,25,15,198,103
99,PTGER1,12,4,99,19
99,TECR,20,5,106,52
99,ZNF333,23,8,152,65
100,ADGRE2,15,24,166,146
100,ADGRE3,47,12,209,83
100,ADGRE5,40,5,203,84
100,CLEC17A,9,6,85,33
100,DDX39A,21,13,115,44
100,DNAJB1,18,7,66,28
100,GIPC1,5,4,58,28
100,NDUFB7,4,2,34,4
100,PKN1,26,13,212,94
100,PTGER1,8,8,56,44
100,TECR,17,3,64,26
100,ZNF333,18,3,122,26
